[
  {
    "id": "7a8bb873-cc06-47cd-aba3-9c5a5ea25366",
    "data": [
      {
        "text": "Tell me the current weather in [city].",
        "userDefined": false
      }
    ],
    "isTemplate": false,
    "count": 0,
    "lang": "en",
    "updated": 0
  },
  {
    "id": "e8851afe-7a9c-4145-b778-1fd825838334",
    "data": [
      {
        "text": "What\u0027s the weather like ",
        "userDefined": false
      },
      {
        "text": "today",
        "meta": "@sys.date-time",
        "alias": "date-time",
        "userDefined": false
      },
      {
        "text": " in [city]?",
        "userDefined": false
      }
    ],
    "isTemplate": false,
    "count": 0,
    "lang": "en",
    "updated": 0
  },
  {
    "id": "63e764f1-28d3-47f8-a9ab-6a753f7e87d4",
    "data": [
      {
        "text": "How\u0027s the weather today in ",
        "userDefined": false
      },
      {
        "text": "London",
        "meta": "@sys.geo-city",
        "alias": "geo-city",
        "userDefined": false
      },
      {
        "text": "?",
        "userDefined": false
      }
    ],
    "isTemplate": false,
    "count": 0,
    "lang": "en",
    "updated": 0
  },
  {
    "id": "76541d69-5340-41ba-be06-3bf85f77f6ba",
    "data": [
      {
        "text": "Tell me the current weather in ",
        "userDefined": false
      },
      {
        "text": "New York",
        "meta": "@sys.geo-city",
        "alias": "geo-city",
        "userDefined": false
      },
      {
        "text": ".",
        "userDefined": false
      }
    ],
    "isTemplate": false,
    "count": 0,
    "lang": "en",
    "updated": 0
  },
  {
    "id": "f3fec373-62ef-451a-8848-9dbbe3f24472",
    "data": [
      {
        "text": "What\u0027s the weather like in ",
        "userDefined": false
      },
      {
        "text": "Karachi",
        "meta": "@sys.geo-city",
        "alias": "geo-city",
        "userDefined": false
      },
      {
        "text": "?",
        "userDefined": false
      }
    ],
    "isTemplate": false,
    "count": 0,
    "lang": "en",
    "updated": 0
  }
]