[
  {
    "id": "cfe5f157-38d2-4d56-861f-493347253030",
    "data": [
      {
        "text": "Tell me the forecast for ",
        "userDefined": false
      },
      {
        "text": "Multan",
        "meta": "@sys.geo-city",
        "alias": "geo-city",
        "userDefined": false
      },
      {
        "text": " on ",
        "userDefined": false
      },
      {
        "text": "April 2.",
        "meta": "@sys.date-time",
        "alias": "date-time",
        "userDefined": false
      }
    ],
    "isTemplate": false,
    "count": 0,
    "lang": "en",
    "updated": 0
  },
  {
    "id": "0c35b8ad-3254-4810-ab1d-5b88830e6d19",
    "data": [
      {
        "text": "Show me the weather in ",
        "userDefined": false
      },
      {
        "text": "Peshawar",
        "meta": "@sys.geo-city",
        "alias": "geo-city",
        "userDefined": false
      },
      {
        "text": " for ",
        "userDefined": false
      },
      {
        "text": "the next 5 days",
        "meta": "@sys.date-period",
        "alias": "date-period",
        "userDefined": false
      },
      {
        "text": ".",
        "userDefined": false
      }
    ],
    "isTemplate": false,
    "count": 0,
    "lang": "en",
    "updated": 0
  },
  {
    "id": "a8edcfd0-096b-40f9-a997-fe713ea08e9a",
    "data": [
      {
        "text": "How hot will it be in ",
        "userDefined": false
      },
      {
        "text": "Islamabad",
        "meta": "@sys.geo-city",
        "alias": "geo-city",
        "userDefined": false
      },
      {
        "text": " ",
        "userDefined": false
      },
      {
        "text": "next Monday",
        "meta": "@sys.date-time",
        "alias": "date-time",
        "userDefined": false
      },
      {
        "text": "?",
        "userDefined": false
      }
    ],
    "isTemplate": false,
    "count": 0,
    "lang": "en",
    "updated": 0
  },
  {
    "id": "09378f7e-62d1-4b4f-a2d9-979936723dd3",
    "data": [
      {
        "text": "Will it rain in ",
        "userDefined": false
      },
      {
        "text": "Lahore",
        "meta": "@sys.geo-city",
        "alias": "geo-city",
        "userDefined": false
      },
      {
        "text": " ",
        "userDefined": false
      },
      {
        "text": "tomorrow",
        "meta": "@sys.date-time",
        "alias": "date-time",
        "userDefined": false
      },
      {
        "text": "?",
        "userDefined": false
      }
    ],
    "isTemplate": false,
    "count": 0,
    "lang": "en",
    "updated": 0
  },
  {
    "id": "d0eba553-5abf-4d03-b971-9119a0ef7bbd",
    "data": [
      {
        "text": "What\u0027s the weather forecast for ",
        "userDefined": false
      },
      {
        "text": "Karachi",
        "meta": "@sys.geo-city",
        "alias": "geo-city",
        "userDefined": false
      },
      {
        "text": " on ",
        "userDefined": false
      },
      {
        "text": "28 March",
        "meta": "@sys.date-time",
        "alias": "date-time",
        "userDefined": false
      },
      {
        "text": "?",
        "userDefined": false
      }
    ],
    "isTemplate": false,
    "count": 0,
    "lang": "en",
    "updated": 0
  }
]