[
  {
    "id": "877b1bc1-4b46-49d3-ad7f-8b6630f07a82",
    "data": [
      {
        "text": "Catch you later!",
        "userDefined": false
      }
    ],
    "isTemplate": false,
    "count": 0,
    "lang": "en",
    "updated": 0
  },
  {
    "id": "857e6f6b-3108-40bd-a089-7556649759b9",
    "data": [
      {
        "text": "See you soon!",
        "userDefined": false
      }
    ],
    "isTemplate": false,
    "count": 0,
    "lang": "en",
    "updated": 0
  },
  {
    "id": "95f453d7-18a5-4a08-82cf-316d996b9c1f",
    "data": [
      {
        "text": "Talk to you later!",
        "userDefined": false
      }
    ],
    "isTemplate": false,
    "count": 0,
    "lang": "en",
    "updated": 0
  },
  {
    "id": "60ba125a-d994-471c-9d52-364d3219c65c",
    "data": [
      {
        "text": "Take care!",
        "userDefined": false
      }
    ],
    "isTemplate": false,
    "count": 0,
    "lang": "en",
    "updated": 0
  },
  {
    "id": "8bc54b2f-0e26-4234-a9ac-7ee75039473b",
    "data": [
      {
        "text": "See you next time!",
        "userDefined": false
      }
    ],
    "isTemplate": false,
    "count": 0,
    "lang": "en",
    "updated": 0
  },
  {
    "id": "306d3d3e-6ebe-460e-b247-d892d4bbd565",
    "data": [
      {
        "text": "Thanks",
        "userDefined": false
      }
    ],
    "isTemplate": false,
    "count": 0,
    "lang": "en",
    "updated": 0
  },
  {
    "id": "dd60e650-a7d7-4f03-8c02-824c421f3217",
    "data": [
      {
        "text": "Bye",
        "userDefined": false
      }
    ],
    "isTemplate": false,
    "count": 0,
    "lang": "en",
    "updated": 0
  }
]