[
  {
    "id": "0cab51e4-99b6-4432-afef-fc9cc28edf3e",
    "data": [
      {
        "text": "What\u0027s the weather like?",
        "userDefined": false
      }
    ],
    "isTemplate": false,
    "count": 0,
    "lang": "en",
    "updated": 0
  },
  {
    "id": "dd0c1210-b441-4294-8dbf-62c7156f8f18",
    "data": [
      {
        "text": "My location is ",
        "userDefined": false
      },
      {
        "text": "Peshawar",
        "meta": "@sys.geo-city",
        "alias": "geo-city",
        "userDefined": false
      }
    ],
    "isTemplate": false,
    "count": 0,
    "lang": "en",
    "updated": 0
  },
  {
    "id": "5f6ad217-c4a9-480e-8652-9b1bafb5568e",
    "data": [
      {
        "text": "Set my city to ",
        "userDefined": false
      },
      {
        "text": "Islamabad",
        "meta": "@sys.geo-city",
        "alias": "geo-city",
        "userDefined": false
      }
    ],
    "isTemplate": false,
    "count": 0,
    "lang": "en",
    "updated": 0
  },
  {
    "id": "c389a55e-8cac-41ef-9063-56a7a4f9b63b",
    "data": [
      {
        "text": "I\u0027m from ",
        "userDefined": false
      },
      {
        "text": "Quetta",
        "meta": "@sys.geo-city",
        "alias": "geo-city",
        "userDefined": false
      }
    ],
    "isTemplate": false,
    "count": 0,
    "lang": "en",
    "updated": 0
  },
  {
    "id": "aaf72ebb-fac4-43a8-8cd3-daef02728042",
    "data": [
      {
        "text": "I live in ",
        "userDefined": false
      },
      {
        "text": "Lahore",
        "meta": "@sys.geo-city",
        "alias": "geo-city",
        "userDefined": false
      }
    ],
    "isTemplate": false,
    "count": 0,
    "lang": "en",
    "updated": 0
  },
  {
    "id": "245445a2-86de-43bb-aba2-50b09439f768",
    "data": [
      {
        "text": "My city is ",
        "userDefined": false
      },
      {
        "text": "Karachi",
        "meta": "@sys.geo-city",
        "alias": "geo-city",
        "userDefined": false
      }
    ],
    "isTemplate": false,
    "count": 0,
    "lang": "en",
    "updated": 0
  }
]