[
  {
    "id": "bdec806c-b74a-486e-a654-82fc08404b3a",
    "data": [
      {
        "text": "Save my city as [",
        "userDefined": false
      },
      {
        "text": "Peshawar",
        "meta": "@sys.geo-city",
        "alias": "geo-city",
        "userDefined": false
      },
      {
        "text": "]",
        "userDefined": false
      }
    ],
    "isTemplate": false,
    "count": 0,
    "lang": "en",
    "updated": 0
  },
  {
    "id": "88056455-d8f6-4949-8841-ea96106d411a",
    "data": [
      {
        "text": "Set my city to [",
        "userDefined": false
      },
      {
        "text": "Multan",
        "meta": "@sys.geo-city",
        "alias": "geo-city",
        "userDefined": false
      },
      {
        "text": "]",
        "userDefined": false
      }
    ],
    "isTemplate": false,
    "count": 0,
    "lang": "en",
    "updated": 0
  },
  {
    "id": "0d73f005-a67f-427e-b2c3-46c33b1578e8",
    "data": [
      {
        "text": "I\u0027m from [",
        "userDefined": false
      },
      {
        "text": "Islamabad",
        "meta": "@sys.geo-city",
        "alias": "geo-city",
        "userDefined": false
      },
      {
        "text": "]",
        "userDefined": false
      }
    ],
    "isTemplate": false,
    "count": 0,
    "lang": "en",
    "updated": 0
  },
  {
    "id": "0dbf48ed-6b5f-4c41-a497-85ae3c64aa3c",
    "data": [
      {
        "text": "My city is [",
        "userDefined": false
      },
      {
        "text": "Lahore",
        "meta": "@sys.geo-city",
        "alias": "geo-city",
        "userDefined": false
      },
      {
        "text": "]",
        "userDefined": false
      }
    ],
    "isTemplate": false,
    "count": 0,
    "lang": "en",
    "updated": 0
  },
  {
    "id": "55b75812-09fb-403b-9824-e926fe1ffdaa",
    "data": [
      {
        "text": "I live in [",
        "userDefined": false
      },
      {
        "text": "Karachi",
        "meta": "@sys.geo-city",
        "alias": "geo-city",
        "userDefined": false
      },
      {
        "text": "]",
        "userDefined": false
      }
    ],
    "isTemplate": false,
    "count": 0,
    "lang": "en",
    "updated": 0
  },
  {
    "id": "dd0c1210-b441-4294-8dbf-62c7156f8f18",
    "data": [
      {
        "text": "My location is ",
        "userDefined": false
      },
      {
        "text": "Peshawar",
        "meta": "@sys.geo-city",
        "alias": "geo-city",
        "userDefined": false
      }
    ],
    "isTemplate": false,
    "count": 0,
    "lang": "en",
    "updated": 0
  },
  {
    "id": "5f6ad217-c4a9-480e-8652-9b1bafb5568e",
    "data": [
      {
        "text": "Set my city to ",
        "userDefined": false
      },
      {
        "text": "Islamabad",
        "meta": "@sys.geo-city",
        "alias": "geo-city",
        "userDefined": false
      }
    ],
    "isTemplate": false,
    "count": 0,
    "lang": "en",
    "updated": 0
  },
  {
    "id": "c389a55e-8cac-41ef-9063-56a7a4f9b63b",
    "data": [
      {
        "text": "I\u0027m from ",
        "userDefined": false
      },
      {
        "text": "Quetta",
        "meta": "@sys.geo-city",
        "alias": "geo-city",
        "userDefined": false
      }
    ],
    "isTemplate": false,
    "count": 0,
    "lang": "en",
    "updated": 0
  },
  {
    "id": "aaf72ebb-fac4-43a8-8cd3-daef02728042",
    "data": [
      {
        "text": "I live in ",
        "userDefined": false
      },
      {
        "text": "Lahore",
        "meta": "@sys.geo-city",
        "alias": "geo-city",
        "userDefined": false
      }
    ],
    "isTemplate": false,
    "count": 0,
    "lang": "en",
    "updated": 0
  },
  {
    "id": "245445a2-86de-43bb-aba2-50b09439f768",
    "data": [
      {
        "text": "My city is ",
        "userDefined": false
      },
      {
        "text": "Karachi",
        "meta": "@sys.geo-city",
        "alias": "geo-city",
        "userDefined": false
      }
    ],
    "isTemplate": false,
    "count": 0,
    "lang": "en",
    "updated": 0
  }
]